{"cameraMode":{"drawMode":0,"name":"Shaded","section":"Shading Mode"},"sceneLighting":true,"audioPlay":false,"sceneViewState":{"showFog":false,"showMaterialUpdate":false,"showSkybox":false,"showFlares":false,"showImageEffects":false,"showParticleSystems":false},"in2DMode":false,"pivot":{"x":-3.8660035133361818,"y":4.6807661056518559,"z":-31.01352310180664},"rotation":{"x":0.10820794105529785,"y":0.7370796799659729,"z":-0.12159799039363861,"w":0.655916690826416},"size":5.479762077331543,"orthographic":false}